﻿{"cameraMode":{"drawMode":0,"name":"Shaded","section":"Shading Mode"},"sceneLighting":true,"audioPlay":false,"sceneViewState":{"showFog":true,"showMaterialUpdate":false,"showSkybox":true,"showFlares":true,"showImageEffects":true,"showParticleSystems":true},"in2DMode":false,"pivot":{"x":402.13604736328127,"y":344.0055847167969,"z":24.211959838867189},"rotation":{"x":0.07627935707569123,"y":0.20374467968940736,"z":-0.015925206243991853,"w":0.9759180545806885},"size":268.6005554199219,"orthographic":false}